"Target","Side","Case","Cells","Values","Weights","Topology","Compatibility","Trace","Repeat","ElapsedMs","MinimumMs","MaximumMs","Decisions","Propagations","Backtracks","Contradictions","TraceEvents","RngDraws","AssignmentChecksum"
"stable64","baseline","independent-256-v2-unit-t0","256","2","unit","independent","dense","0","8","0","0","0","256","0","0","0","0","256","3B22F43A"
"stable64","candidate","independent-256-v2-unit-t0","256","2","unit","independent","dense","0","8","16","0","16","256","0","0","0","0","256","3B22F43A"
"stable64","candidate","independent-256-v2-unit-t1","256","2","unit","independent","dense","1","8","16","0","16","256","0","0","0","513","256","3B22F43A"
"stable64","baseline","independent-256-v2-unit-t1","256","2","unit","independent","dense","1","8","0","0","0","256","0","0","0","513","256","3B22F43A"
"stable64","baseline","independent-256-v2-skewed-t0","256","2","skewed","independent","dense","0","8","47","0","16","256","0","0","0","0","256","1E5227BE"
"stable64","candidate","independent-256-v2-skewed-t0","256","2","skewed","independent","dense","0","8","0","0","0","256","0","0","0","0","256","1E5227BE"
"stable64","candidate","independent-256-v2-skewed-t1","256","2","skewed","independent","dense","1","8","0","0","0","256","0","0","0","513","256","1E5227BE"
"stable64","baseline","independent-256-v2-skewed-t1","256","2","skewed","independent","dense","1","8","47","0","16","256","0","0","0","513","256","1E5227BE"
"stable64","baseline","independent-256-v4-unit-t0","256","4","unit","independent","dense","0","8","0","0","0","256","0","0","0","0","256","7FB94FF0"
"stable64","candidate","independent-256-v4-unit-t0","256","4","unit","independent","dense","0","8","15","0","15","256","0","0","0","0","256","7FB94FF0"
"stable64","candidate","independent-256-v4-unit-t1","256","4","unit","independent","dense","1","8","0","0","0","256","0","0","0","1025","256","7FB94FF0"
"stable64","baseline","independent-256-v4-unit-t1","256","4","unit","independent","dense","1","8","15","0","15","256","0","0","0","1025","256","7FB94FF0"
"stable64","baseline","independent-256-v4-skewed-t0","256","4","skewed","independent","dense","0","8","47","0","16","256","0","0","0","0","256","5AA7FFAA"
"stable64","candidate","independent-256-v4-skewed-t0","256","4","skewed","independent","dense","0","8","0","0","0","256","0","0","0","0","256","5AA7FFAA"
"stable64","candidate","independent-256-v4-skewed-t1","256","4","skewed","independent","dense","1","8","0","0","0","256","0","0","0","1025","256","5AA7FFAA"
"stable64","baseline","independent-256-v4-skewed-t1","256","4","skewed","independent","dense","1","8","47","0","16","256","0","0","0","1025","256","5AA7FFAA"
"stable64","baseline","independent-1024-v2-unit-t0","1024","2","unit","independent","dense","0","2","16","0","16","1024","0","0","0","0","1024","2F801D18"
"stable64","candidate","independent-1024-v2-unit-t0","1024","2","unit","independent","dense","0","2","16","0","16","1024","0","0","0","0","1024","2F801D18"
"stable64","candidate","independent-1024-v2-unit-t1","1024","2","unit","independent","dense","1","2","0","0","0","1024","0","0","0","2049","1024","2F801D18"
"stable64","baseline","independent-1024-v2-unit-t1","1024","2","unit","independent","dense","1","2","16","0","16","1024","0","0","0","2049","1024","2F801D18"
"stable64","baseline","independent-1024-v2-skewed-t0","1024","2","skewed","independent","dense","0","2","171","78","93","1024","0","0","0","0","1024","75444F64"
"stable64","candidate","independent-1024-v2-skewed-t0","1024","2","skewed","independent","dense","0","2","0","0","0","1024","0","0","0","0","1024","75444F64"
"stable64","candidate","independent-1024-v2-skewed-t1","1024","2","skewed","independent","dense","1","2","15","0","15","1024","0","0","0","2049","1024","75444F64"
"stable64","baseline","independent-1024-v2-skewed-t1","1024","2","skewed","independent","dense","1","2","172","78","94","1024","0","0","0","2049","1024","75444F64"
"stable64","baseline","independent-1024-v4-unit-t0","1024","4","unit","independent","dense","0","2","16","0","16","1024","0","0","0","0","1024","2182CB57"
"stable64","candidate","independent-1024-v4-unit-t0","1024","4","unit","independent","dense","0","2","0","0","0","1024","0","0","0","0","1024","2182CB57"
"stable64","candidate","independent-1024-v4-unit-t1","1024","4","unit","independent","dense","1","2","0","0","0","1024","0","0","0","4097","1024","2182CB57"
"stable64","baseline","independent-1024-v4-unit-t1","1024","4","unit","independent","dense","1","2","15","0","15","1024","0","0","0","4097","1024","2182CB57"
"stable64","baseline","independent-1024-v4-skewed-t0","1024","4","skewed","independent","dense","0","2","172","78","94","1024","0","0","0","0","1024","322A5BB8"
"stable64","candidate","independent-1024-v4-skewed-t0","1024","4","skewed","independent","dense","0","2","0","0","0","1024","0","0","0","0","1024","322A5BB8"
"stable64","candidate","independent-1024-v4-skewed-t1","1024","4","skewed","independent","dense","1","2","0","0","0","1024","0","0","0","4097","1024","322A5BB8"
"stable64","baseline","independent-1024-v4-skewed-t1","1024","4","skewed","independent","dense","1","2","171","78","93","1024","0","0","0","4097","1024","322A5BB8"
"stable64","baseline","independent-4096-v2-unit-t0","4096","2","unit","independent","dense","0","1","94","94","94","4096","0","0","0","0","4096","3DF242B4"
"stable64","candidate","independent-4096-v2-unit-t0","4096","2","unit","independent","dense","0","1","0","0","0","4096","0","0","0","0","4096","3DF242B4"
"stable64","candidate","independent-4096-v2-unit-t1","4096","2","unit","independent","dense","1","1","0","0","0","4096","0","0","0","8193","4096","3DF242B4"
"stable64","baseline","independent-4096-v2-unit-t1","4096","2","unit","independent","dense","1","1","78","78","78","4096","0","0","0","8193","4096","3DF242B4"
"stable64","baseline","independent-4096-v2-skewed-t0","4096","2","skewed","independent","dense","0","1","1328","1328","1328","4096","0","0","0","0","4096","7E32947B"
"stable64","candidate","independent-4096-v2-skewed-t0","4096","2","skewed","independent","dense","0","1","16","16","16","4096","0","0","0","0","4096","7E32947B"
"stable64","candidate","independent-4096-v2-skewed-t1","4096","2","skewed","independent","dense","1","1","0","0","0","4096","0","0","0","8193","4096","7E32947B"
"stable64","baseline","independent-4096-v2-skewed-t1","4096","2","skewed","independent","dense","1","1","1391","1391","1391","4096","0","0","0","8193","4096","7E32947B"
"stable64","baseline","independent-4096-v4-unit-t0","4096","4","unit","independent","dense","0","1","203","203","203","4096","0","0","0","0","4096","49850E08"
"stable64","candidate","independent-4096-v4-unit-t0","4096","4","unit","independent","dense","0","1","16","16","16","4096","0","0","0","0","4096","49850E08"
"stable64","candidate","independent-4096-v4-unit-t1","4096","4","unit","independent","dense","1","1","15","15","15","4096","0","0","0","16385","4096","49850E08"
"stable64","baseline","independent-4096-v4-unit-t1","4096","4","unit","independent","dense","1","1","187","187","187","4096","0","0","0","16385","4096","49850E08"
"stable64","baseline","independent-4096-v4-skewed-t0","4096","4","skewed","independent","dense","0","1","1421","1421","1421","4096","0","0","0","0","4096","7F5B7EBE"
"stable64","candidate","independent-4096-v4-skewed-t0","4096","4","skewed","independent","dense","0","1","16","16","16","4096","0","0","0","0","4096","7F5B7EBE"
"stable64","candidate","independent-4096-v4-skewed-t1","4096","4","skewed","independent","dense","1","1","0","0","0","4096","0","0","0","16385","4096","7F5B7EBE"
"stable64","baseline","independent-4096-v4-skewed-t1","4096","4","skewed","independent","dense","1","1","1343","1343","1343","4096","0","0","0","16385","4096","7F5B7EBE"
"stable64","baseline","independent-16384-v2-unit-t0","16384","2","unit","independent","dense","0","1","1281","1281","1281","16384","0","0","0","0","16384","677C1540"
"stable64","candidate","independent-16384-v2-unit-t0","16384","2","unit","independent","dense","0","1","31","31","31","16384","0","0","0","0","16384","677C1540"
"stable64","candidate","independent-16384-v2-unit-t1","16384","2","unit","independent","dense","1","1","15","15","15","16384","0","0","0","32769","16384","677C1540"
"stable64","baseline","independent-16384-v2-unit-t1","16384","2","unit","independent","dense","1","1","1297","1297","1297","16384","0","0","0","32769","16384","677C1540"
"stable64","baseline","independent-16384-v2-skewed-t0","16384","2","skewed","independent","dense","0","1","20797","20797","20797","16384","0","0","0","0","16384","4C57DF70"
"stable64","candidate","independent-16384-v2-skewed-t0","16384","2","skewed","independent","dense","0","1","31","31","31","16384","0","0","0","0","16384","4C57DF70"
"stable64","candidate","independent-16384-v2-skewed-t1","16384","2","skewed","independent","dense","1","1","31","31","31","16384","0","0","0","32769","16384","4C57DF70"
"stable64","baseline","independent-16384-v2-skewed-t1","16384","2","skewed","independent","dense","1","1","20829","20829","20829","16384","0","0","0","32769","16384","4C57DF70"
"stable64","baseline","independent-16384-v4-unit-t0","16384","4","unit","independent","dense","0","1","1281","1281","1281","16384","0","0","0","0","16384","6266E2CF"
"stable64","candidate","independent-16384-v4-unit-t0","16384","4","unit","independent","dense","0","1","47","47","47","16384","0","0","0","0","16384","6266E2CF"
"stable64","candidate","independent-16384-v4-unit-t1","16384","4","unit","independent","dense","1","1","31","31","31","16384","0","0","0","65537","16384","6266E2CF"
"stable64","baseline","independent-16384-v4-unit-t1","16384","4","unit","independent","dense","1","1","1328","1328","1328","16384","0","0","0","65537","16384","6266E2CF"
"stable64","baseline","independent-16384-v4-skewed-t0","16384","4","skewed","independent","dense","0","1","21141","21141","21141","16384","0","0","0","0","16384","29DB05F0"
"stable64","candidate","independent-16384-v4-skewed-t0","16384","4","skewed","independent","dense","0","1","31","31","31","16384","0","0","0","0","16384","29DB05F0"
"stable64","candidate","independent-16384-v4-skewed-t1","16384","4","skewed","independent","dense","1","1","31","31","31","16384","0","0","0","65537","16384","29DB05F0"
"stable64","baseline","independent-16384-v4-skewed-t1","16384","4","skewed","independent","dense","1","1","20875","20875","20875","16384","0","0","0","65537","16384","29DB05F0"
"stable64","baseline","tiny-1-unit-t0","1","4","unit","independent","dense","0","1000","16","0","16","1","0","0","0","0","1","197DAD2E"
"stable64","candidate","tiny-1-unit-t0","1","4","unit","independent","dense","0","1000","0","0","0","1","0","0","0","0","1","197DAD2E"
"stable64","candidate","tiny-1-unit-t1","1","4","unit","independent","dense","1","1000","0","0","0","1","0","0","0","5","1","197DAD2E"
"stable64","baseline","tiny-1-unit-t1","1","4","unit","independent","dense","1","1000","16","0","16","1","0","0","0","5","1","197DAD2E"
"stable64","baseline","tiny-1-skewed-t0","1","4","skewed","independent","dense","0","1000","0","0","0","1","0","0","0","0","1","197DAD2E"
"stable64","candidate","tiny-1-skewed-t0","1","4","skewed","independent","dense","0","1000","16","0","16","1","0","0","0","0","1","197DAD2E"
"stable64","candidate","tiny-1-skewed-t1","1","4","skewed","independent","dense","1","1000","0","0","0","1","0","0","0","5","1","197DAD2E"
"stable64","baseline","tiny-1-skewed-t1","1","4","skewed","independent","dense","1","1000","16","0","16","1","0","0","0","5","1","197DAD2E"
"stable64","baseline","tiny-8-unit-t0","8","4","unit","independent","dense","0","1000","16","0","16","8","0","0","0","0","8","039C3E5A"
"stable64","candidate","tiny-8-unit-t0","8","4","unit","independent","dense","0","1000","15","0","15","8","0","0","0","0","8","039C3E5A"
"stable64","candidate","tiny-8-unit-t1","8","4","unit","independent","dense","1","1000","16","0","16","8","0","0","0","33","8","039C3E5A"
"stable64","baseline","tiny-8-unit-t1","8","4","unit","independent","dense","1","1000","31","0","16","8","0","0","0","33","8","039C3E5A"
"stable64","baseline","tiny-8-skewed-t0","8","4","skewed","independent","dense","0","1000","16","0","16","8","0","0","0","0","8","21E08CBA"
"stable64","candidate","tiny-8-skewed-t0","8","4","skewed","independent","dense","0","1000","16","0","16","8","0","0","0","0","8","21E08CBA"
"stable64","candidate","tiny-8-skewed-t1","8","4","skewed","independent","dense","1","1000","16","0","16","8","0","0","0","33","8","21E08CBA"
"stable64","baseline","tiny-8-skewed-t1","8","4","skewed","independent","dense","1","1000","0","0","0","8","0","0","0","33","8","21E08CBA"
"stable64","baseline","tiny-32-unit-t0","32","4","unit","independent","dense","0","1000","47","0","16","32","0","0","0","0","32","549E8343"
"stable64","candidate","tiny-32-unit-t0","32","4","unit","independent","dense","0","1000","62","0","16","32","0","0","0","0","32","549E8343"
"stable64","candidate","tiny-32-unit-t1","32","4","unit","independent","dense","1","1000","47","0","16","32","0","0","0","129","32","549E8343"
"stable64","baseline","tiny-32-unit-t1","32","4","unit","independent","dense","1","1000","63","0","16","32","0","0","0","129","32","549E8343"
"stable64","baseline","tiny-32-skewed-t0","32","4","skewed","independent","dense","0","1000","125","0","16","32","0","0","0","0","32","494C78DA"
"stable64","candidate","tiny-32-skewed-t0","32","4","skewed","independent","dense","0","1000","63","0","16","32","0","0","0","0","32","494C78DA"
"stable64","candidate","tiny-32-skewed-t1","32","4","skewed","independent","dense","1","1000","63","0","16","32","0","0","0","129","32","494C78DA"
"stable64","baseline","tiny-32-skewed-t1","32","4","skewed","independent","dense","1","1000","141","0","16","32","0","0","0","129","32","494C78DA"
"stable64","baseline","line-256-v64-unit-dense","256","64","unit","line","dense","0","1","0","0","0","256","0","0","0","0","256","1315BA0A"
"stable64","candidate","line-256-v64-unit-dense","256","64","unit","line","dense","0","1","16","16","16","256","0","0","0","0","256","1315BA0A"
"stable64","candidate","line-256-v64-unit-equal","256","64","unit","line","equal","0","1","15","15","15","1","16065","0","0","0","1","0B7FDD71"
"stable64","baseline","line-256-v64-unit-equal","256","64","unit","line","equal","0","1","31","31","31","1","16065","0","0","0","1","0B7FDD71"
"stable64","baseline","line-256-v64-skewed-dense","256","64","skewed","line","dense","0","1","15","15","15","256","0","0","0","0","256","0D426824"
"stable64","candidate","line-256-v64-skewed-dense","256","64","skewed","line","dense","0","1","0","0","0","256","0","0","0","0","256","0D426824"
"stable64","candidate","line-256-v64-skewed-equal","256","64","skewed","line","equal","0","1","31","31","31","1","16065","0","0","0","1","4FAFC258"
"stable64","baseline","line-256-v64-skewed-equal","256","64","skewed","line","equal","0","1","16","16","16","1","16065","0","0","0","1","4FAFC258"
"stable64","baseline","line-128-v128-unit-dense","128","128","unit","line","dense","0","1","15","15","15","128","0","0","0","0","128","77963F66"
"stable64","candidate","line-128-v128-unit-dense","128","128","unit","line","dense","0","1","0","0","0","128","0","0","0","0","128","77963F66"
"stable64","candidate","line-128-v128-unit-equal","128","128","unit","line","equal","0","1","31","31","31","1","16129","0","0","0","1","23A9CCB7"
"stable64","baseline","line-128-v128-unit-equal","128","128","unit","line","equal","0","1","31","31","31","1","16129","0","0","0","1","23A9CCB7"
"stable64","baseline","line-128-v128-skewed-dense","128","128","skewed","line","dense","0","1","15","15","15","128","0","0","0","0","128","7A73D3E1"
"stable64","candidate","line-128-v128-skewed-dense","128","128","skewed","line","dense","0","1","0","0","0","128","0","0","0","0","128","7A73D3E1"
"stable64","candidate","line-128-v128-skewed-equal","128","128","skewed","line","equal","0","1","31","31","31","1","16129","0","0","0","1","15CD29A3"
"stable64","baseline","line-128-v128-skewed-equal","128","128","skewed","line","equal","0","1","47","47","47","1","16129","0","0","0","1","15CD29A3"
"stable64","baseline","line-64-v512-unit-dense","64","512","unit","line","dense","0","1","47","47","47","64","0","0","0","0","64","2AF2A909"
"stable64","candidate","line-64-v512-unit-dense","64","512","unit","line","dense","0","1","46","46","46","64","0","0","0","0","64","2AF2A909"
"stable64","candidate","line-64-v512-unit-equal","64","512","unit","line","equal","0","1","250","250","250","1","32193","0","0","0","1","4370B196"
"stable64","baseline","line-64-v512-unit-equal","64","512","unit","line","equal","0","1","297","297","297","1","32193","0","0","0","1","4370B196"
"stable64","baseline","line-64-v512-skewed-dense","64","512","skewed","line","dense","0","1","79","79","79","64","0","0","0","0","64","73E2E55A"
"stable64","candidate","line-64-v512-skewed-dense","64","512","skewed","line","dense","0","1","62","62","62","64","0","0","0","0","64","73E2E55A"
"stable64","candidate","line-64-v512-skewed-equal","64","512","skewed","line","equal","0","1","250","250","250","1","32193","0","0","0","1","72916B27"
"stable64","baseline","line-64-v512-skewed-equal","64","512","skewed","line","equal","0","1","281","281","281","1","32193","0","0","0","1","72916B27"
"stable64","baseline","line-16-v1024-unit-dense","16","1024","unit","line","dense","0","1","47","47","47","16","0","0","0","0","16","3B3E68EA"
"stable64","candidate","line-16-v1024-unit-dense","16","1024","unit","line","dense","0","1","32","32","32","16","0","0","0","0","16","3B3E68EA"
"stable64","candidate","line-16-v1024-unit-equal","16","1024","unit","line","equal","0","1","234","234","234","1","15345","0","0","0","1","761EB18A"
"stable64","baseline","line-16-v1024-unit-equal","16","1024","unit","line","equal","0","1","281","281","281","1","15345","0","0","0","1","761EB18A"
"stable64","baseline","line-16-v1024-skewed-dense","16","1024","skewed","line","dense","0","1","78","78","78","16","0","0","0","0","16","57086246"
"stable64","candidate","line-16-v1024-skewed-dense","16","1024","skewed","line","dense","0","1","47","47","47","16","0","0","0","0","16","57086246"
"stable64","candidate","line-16-v1024-skewed-equal","16","1024","skewed","line","equal","0","1","234","234","234","1","15345","0","0","0","1","58D6A1F6"
"stable64","baseline","line-16-v1024-skewed-equal","16","1024","skewed","line","equal","0","1","265","265","265","1","15345","0","0","0","1","58D6A1F6"
"current64","baseline","independent-256-v2-unit-t0","256","2","unit","independent","dense","0","8","0","0","0","256","0","0","0","0","256","3B22F43A"
"current64","candidate","independent-256-v2-unit-t0","256","2","unit","independent","dense","0","8","0","0","0","256","0","0","0","0","256","3B22F43A"
"current64","candidate","independent-256-v2-unit-t1","256","2","unit","independent","dense","1","8","0","0","0","256","0","0","0","513","256","3B22F43A"
"current64","baseline","independent-256-v2-unit-t1","256","2","unit","independent","dense","1","8","16","0","16","256","0","0","0","513","256","3B22F43A"
"current64","baseline","independent-256-v2-skewed-t0","256","2","skewed","independent","dense","0","8","31","0","16","256","0","0","0","0","256","1E5227BE"
"current64","candidate","independent-256-v2-skewed-t0","256","2","skewed","independent","dense","0","8","0","0","0","256","0","0","0","0","256","1E5227BE"
"current64","candidate","independent-256-v2-skewed-t1","256","2","skewed","independent","dense","1","8","0","0","0","256","0","0","0","513","256","1E5227BE"
"current64","baseline","independent-256-v2-skewed-t1","256","2","skewed","independent","dense","1","8","31","0","16","256","0","0","0","513","256","1E5227BE"
"current64","baseline","independent-256-v4-unit-t0","256","4","unit","independent","dense","0","8","0","0","0","256","0","0","0","0","256","7FB94FF0"
"current64","candidate","independent-256-v4-unit-t0","256","4","unit","independent","dense","0","8","0","0","0","256","0","0","0","0","256","7FB94FF0"
"current64","candidate","independent-256-v4-unit-t1","256","4","unit","independent","dense","1","8","0","0","0","256","0","0","0","1025","256","7FB94FF0"
"current64","baseline","independent-256-v4-unit-t1","256","4","unit","independent","dense","1","8","16","0","16","256","0","0","0","1025","256","7FB94FF0"
"current64","baseline","independent-256-v4-skewed-t0","256","4","skewed","independent","dense","0","8","46","0","16","256","0","0","0","0","256","5AA7FFAA"
"current64","candidate","independent-256-v4-skewed-t0","256","4","skewed","independent","dense","0","8","16","0","16","256","0","0","0","0","256","5AA7FFAA"
"current64","candidate","independent-256-v4-skewed-t1","256","4","skewed","independent","dense","1","8","0","0","0","256","0","0","0","1025","256","5AA7FFAA"
"current64","baseline","independent-256-v4-skewed-t1","256","4","skewed","independent","dense","1","8","47","0","16","256","0","0","0","1025","256","5AA7FFAA"
"current64","baseline","independent-1024-v2-unit-t0","1024","2","unit","independent","dense","0","2","0","0","0","1024","0","0","0","0","1024","2F801D18"
"current64","candidate","independent-1024-v2-unit-t0","1024","2","unit","independent","dense","0","2","16","0","16","1024","0","0","0","0","1024","2F801D18"
"current64","candidate","independent-1024-v2-unit-t1","1024","2","unit","independent","dense","1","2","0","0","0","1024","0","0","0","2049","1024","2F801D18"
"current64","baseline","independent-1024-v2-unit-t1","1024","2","unit","independent","dense","1","2","16","0","16","1024","0","0","0","2049","1024","2F801D18"
"current64","baseline","independent-1024-v2-skewed-t0","1024","2","skewed","independent","dense","0","2","156","78","78","1024","0","0","0","0","1024","75444F64"
"current64","candidate","independent-1024-v2-skewed-t0","1024","2","skewed","independent","dense","0","2","0","0","0","1024","0","0","0","0","1024","75444F64"
"current64","candidate","independent-1024-v2-skewed-t1","1024","2","skewed","independent","dense","1","2","15","0","15","1024","0","0","0","2049","1024","75444F64"
"current64","baseline","independent-1024-v2-skewed-t1","1024","2","skewed","independent","dense","1","2","156","78","78","1024","0","0","0","2049","1024","75444F64"
"current64","baseline","independent-1024-v4-unit-t0","1024","4","unit","independent","dense","0","2","15","0","15","1024","0","0","0","0","1024","2182CB57"
"current64","candidate","independent-1024-v4-unit-t0","1024","4","unit","independent","dense","0","2","0","0","0","1024","0","0","0","0","1024","2182CB57"
"current64","candidate","independent-1024-v4-unit-t1","1024","4","unit","independent","dense","1","2","0","0","0","1024","0","0","0","4097","1024","2182CB57"
"current64","baseline","independent-1024-v4-unit-t1","1024","4","unit","independent","dense","1","2","16","0","16","1024","0","0","0","4097","1024","2182CB57"
"current64","baseline","independent-1024-v4-skewed-t0","1024","4","skewed","independent","dense","0","2","156","78","78","1024","0","0","0","0","1024","322A5BB8"
"current64","candidate","independent-1024-v4-skewed-t0","1024","4","skewed","independent","dense","0","2","16","0","16","1024","0","0","0","0","1024","322A5BB8"
"current64","candidate","independent-1024-v4-skewed-t1","1024","4","skewed","independent","dense","1","2","0","0","0","1024","0","0","0","4097","1024","322A5BB8"
"current64","baseline","independent-1024-v4-skewed-t1","1024","4","skewed","independent","dense","1","2","157","78","79","1024","0","0","0","4097","1024","322A5BB8"
"current64","baseline","independent-4096-v2-unit-t0","4096","2","unit","independent","dense","0","1","78","78","78","4096","0","0","0","0","4096","3DF242B4"
"current64","candidate","independent-4096-v2-unit-t0","4096","2","unit","independent","dense","0","1","0","0","0","4096","0","0","0","0","4096","3DF242B4"
"current64","candidate","independent-4096-v2-unit-t1","4096","2","unit","independent","dense","1","1","0","0","0","4096","0","0","0","8193","4096","3DF242B4"
"current64","baseline","independent-4096-v2-unit-t1","4096","2","unit","independent","dense","1","1","79","79","79","4096","0","0","0","8193","4096","3DF242B4"
"current64","baseline","independent-4096-v2-skewed-t0","4096","2","skewed","independent","dense","0","1","1235","1235","1235","4096","0","0","0","0","4096","7E32947B"
"current64","candidate","independent-4096-v2-skewed-t0","4096","2","skewed","independent","dense","0","1","16","16","16","4096","0","0","0","0","4096","7E32947B"
"current64","candidate","independent-4096-v2-skewed-t1","4096","2","skewed","independent","dense","1","1","0","0","0","4096","0","0","0","8193","4096","7E32947B"
"current64","baseline","independent-4096-v2-skewed-t1","4096","2","skewed","independent","dense","1","1","1250","1250","1250","4096","0","0","0","8193","4096","7E32947B"
"current64","baseline","independent-4096-v4-unit-t0","4096","4","unit","independent","dense","0","1","93","93","93","4096","0","0","0","0","4096","49850E08"
"current64","candidate","independent-4096-v4-unit-t0","4096","4","unit","independent","dense","0","1","0","0","0","4096","0","0","0","0","4096","49850E08"
"current64","candidate","independent-4096-v4-unit-t1","4096","4","unit","independent","dense","1","1","15","15","15","4096","0","0","0","16385","4096","49850E08"
"current64","baseline","independent-4096-v4-unit-t1","4096","4","unit","independent","dense","1","1","78","78","78","4096","0","0","0","16385","4096","49850E08"
"current64","baseline","independent-4096-v4-skewed-t0","4096","4","skewed","independent","dense","0","1","1281","1281","1281","4096","0","0","0","0","4096","7F5B7EBE"
"current64","candidate","independent-4096-v4-skewed-t0","4096","4","skewed","independent","dense","0","1","0","0","0","4096","0","0","0","0","4096","7F5B7EBE"
"current64","candidate","independent-4096-v4-skewed-t1","4096","4","skewed","independent","dense","1","1","16","16","16","4096","0","0","0","16385","4096","7F5B7EBE"
"current64","baseline","independent-4096-v4-skewed-t1","4096","4","skewed","independent","dense","1","1","1282","1282","1282","4096","0","0","0","16385","4096","7F5B7EBE"
"current64","baseline","independent-16384-v2-unit-t0","16384","2","unit","independent","dense","0","1","1250","1250","1250","16384","0","0","0","0","16384","677C1540"
"current64","candidate","independent-16384-v2-unit-t0","16384","2","unit","independent","dense","0","1","31","31","31","16384","0","0","0","0","16384","677C1540"
"current64","candidate","independent-16384-v2-unit-t1","16384","2","unit","independent","dense","1","1","31","31","31","16384","0","0","0","32769","16384","677C1540"
"current64","baseline","independent-16384-v2-unit-t1","16384","2","unit","independent","dense","1","1","1265","1265","1265","16384","0","0","0","32769","16384","677C1540"
"current64","baseline","independent-16384-v2-skewed-t0","16384","2","skewed","independent","dense","0","1","20125","20125","20125","16384","0","0","0","0","16384","4C57DF70"
"current64","candidate","independent-16384-v2-skewed-t0","16384","2","skewed","independent","dense","0","1","31","31","31","16384","0","0","0","0","16384","4C57DF70"
"current64","candidate","independent-16384-v2-skewed-t1","16384","2","skewed","independent","dense","1","1","32","32","32","16384","0","0","0","32769","16384","4C57DF70"
"current64","baseline","independent-16384-v2-skewed-t1","16384","2","skewed","independent","dense","1","1","20438","20438","20438","16384","0","0","0","32769","16384","4C57DF70"
"current64","baseline","independent-16384-v4-unit-t0","16384","4","unit","independent","dense","0","1","1282","1282","1282","16384","0","0","0","0","16384","6266E2CF"
"current64","candidate","independent-16384-v4-unit-t0","16384","4","unit","independent","dense","0","1","32","32","32","16384","0","0","0","0","16384","6266E2CF"
"current64","candidate","independent-16384-v4-unit-t1","16384","4","unit","independent","dense","1","1","31","31","31","16384","0","0","0","65537","16384","6266E2CF"
"current64","baseline","independent-16384-v4-unit-t1","16384","4","unit","independent","dense","1","1","1266","1266","1266","16384","0","0","0","65537","16384","6266E2CF"
"current64","baseline","independent-16384-v4-skewed-t0","16384","4","skewed","independent","dense","0","1","20485","20485","20485","16384","0","0","0","0","16384","29DB05F0"
"current64","candidate","independent-16384-v4-skewed-t0","16384","4","skewed","independent","dense","0","1","31","31","31","16384","0","0","0","0","16384","29DB05F0"
"current64","candidate","independent-16384-v4-skewed-t1","16384","4","skewed","independent","dense","1","1","31","31","31","16384","0","0","0","65537","16384","29DB05F0"
"current64","baseline","independent-16384-v4-skewed-t1","16384","4","skewed","independent","dense","1","1","20422","20422","20422","16384","0","0","0","65537","16384","29DB05F0"
"current64","baseline","tiny-1-unit-t0","1","4","unit","independent","dense","0","1000","16","0","16","1","0","0","0","0","1","197DAD2E"
"current64","candidate","tiny-1-unit-t0","1","4","unit","independent","dense","0","1000","0","0","0","1","0","0","0","0","1","197DAD2E"
"current64","candidate","tiny-1-unit-t1","1","4","unit","independent","dense","1","1000","0","0","0","1","0","0","0","5","1","197DAD2E"
"current64","baseline","tiny-1-unit-t1","1","4","unit","independent","dense","1","1000","0","0","0","1","0","0","0","5","1","197DAD2E"
"current64","baseline","tiny-1-skewed-t0","1","4","skewed","independent","dense","0","1000","0","0","0","1","0","0","0","0","1","197DAD2E"
"current64","candidate","tiny-1-skewed-t0","1","4","skewed","independent","dense","0","1000","15","0","15","1","0","0","0","0","1","197DAD2E"
"current64","candidate","tiny-1-skewed-t1","1","4","skewed","independent","dense","1","1000","0","0","0","1","0","0","0","5","1","197DAD2E"
"current64","baseline","tiny-1-skewed-t1","1","4","skewed","independent","dense","1","1000","0","0","0","1","0","0","0","5","1","197DAD2E"
"current64","baseline","tiny-8-unit-t0","8","4","unit","independent","dense","0","1000","16","0","16","8","0","0","0","0","8","039C3E5A"
"current64","candidate","tiny-8-unit-t0","8","4","unit","independent","dense","0","1000","16","0","16","8","0","0","0","0","8","039C3E5A"
"current64","candidate","tiny-8-unit-t1","8","4","unit","independent","dense","1","1000","15","0","15","8","0","0","0","33","8","039C3E5A"
"current64","baseline","tiny-8-unit-t1","8","4","unit","independent","dense","1","1000","15","0","15","8","0","0","0","33","8","039C3E5A"
"current64","baseline","tiny-8-skewed-t0","8","4","skewed","independent","dense","0","1000","16","0","16","8","0","0","0","0","8","21E08CBA"
"current64","candidate","tiny-8-skewed-t0","8","4","skewed","independent","dense","0","1000","16","0","16","8","0","0","0","0","8","21E08CBA"
"current64","candidate","tiny-8-skewed-t1","8","4","skewed","independent","dense","1","1000","15","0","15","8","0","0","0","33","8","21E08CBA"
"current64","baseline","tiny-8-skewed-t1","8","4","skewed","independent","dense","1","1000","15","0","15","8","0","0","0","33","8","21E08CBA"
"current64","baseline","tiny-32-unit-t0","32","4","unit","independent","dense","0","1000","47","0","16","32","0","0","0","0","32","549E8343"
"current64","candidate","tiny-32-unit-t0","32","4","unit","independent","dense","0","1000","46","0","16","32","0","0","0","0","32","549E8343"
"current64","candidate","tiny-32-unit-t1","32","4","unit","independent","dense","1","1000","63","0","16","32","0","0","0","129","32","549E8343"
"current64","baseline","tiny-32-unit-t1","32","4","unit","independent","dense","1","1000","47","0","16","32","0","0","0","129","32","549E8343"
"current64","baseline","tiny-32-skewed-t0","32","4","skewed","independent","dense","0","1000","125","0","16","32","0","0","0","0","32","494C78DA"
"current64","candidate","tiny-32-skewed-t0","32","4","skewed","independent","dense","0","1000","47","0","16","32","0","0","0","0","32","494C78DA"
"current64","candidate","tiny-32-skewed-t1","32","4","skewed","independent","dense","1","1000","62","0","16","32","0","0","0","129","32","494C78DA"
"current64","baseline","tiny-32-skewed-t1","32","4","skewed","independent","dense","1","1000","125","0","16","32","0","0","0","129","32","494C78DA"
"current64","baseline","line-256-v64-unit-dense","256","64","unit","line","dense","0","1","0","0","0","256","0","0","0","0","256","1315BA0A"
"current64","candidate","line-256-v64-unit-dense","256","64","unit","line","dense","0","1","16","16","16","256","0","0","0","0","256","1315BA0A"
"current64","candidate","line-256-v64-unit-equal","256","64","unit","line","equal","0","1","16","16","16","1","16065","0","0","0","1","0B7FDD71"
"current64","baseline","line-256-v64-unit-equal","256","64","unit","line","equal","0","1","31","31","31","1","16065","0","0","0","1","0B7FDD71"
"current64","baseline","line-256-v64-skewed-dense","256","64","skewed","line","dense","0","1","15","15","15","256","0","0","0","0","256","0D426824"
"current64","candidate","line-256-v64-skewed-dense","256","64","skewed","line","dense","0","1","0","0","0","256","0","0","0","0","256","0D426824"
"current64","candidate","line-256-v64-skewed-equal","256","64","skewed","line","equal","0","1","32","32","32","1","16065","0","0","0","1","4FAFC258"
"current64","baseline","line-256-v64-skewed-equal","256","64","skewed","line","equal","0","1","16","16","16","1","16065","0","0","0","1","4FAFC258"
"current64","baseline","line-128-v128-unit-dense","128","128","unit","line","dense","0","1","15","15","15","128","0","0","0","0","128","77963F66"
"current64","candidate","line-128-v128-unit-dense","128","128","unit","line","dense","0","1","15","15","15","128","0","0","0","0","128","77963F66"
"current64","candidate","line-128-v128-unit-equal","128","128","unit","line","equal","0","1","31","31","31","1","16129","0","0","0","1","23A9CCB7"
"current64","baseline","line-128-v128-unit-equal","128","128","unit","line","equal","0","1","47","47","47","1","16129","0","0","0","1","23A9CCB7"
"current64","baseline","line-128-v128-skewed-dense","128","128","skewed","line","dense","0","1","16","16","16","128","0","0","0","0","128","7A73D3E1"
"current64","candidate","line-128-v128-skewed-dense","128","128","skewed","line","dense","0","1","15","15","15","128","0","0","0","0","128","7A73D3E1"
"current64","candidate","line-128-v128-skewed-equal","128","128","skewed","line","equal","0","1","31","31","31","1","16129","0","0","0","1","15CD29A3"
"current64","baseline","line-128-v128-skewed-equal","128","128","skewed","line","equal","0","1","47","47","47","1","16129","0","0","0","1","15CD29A3"
"current64","baseline","line-64-v512-unit-dense","64","512","unit","line","dense","0","1","63","63","63","64","0","0","0","0","64","2AF2A909"
"current64","candidate","line-64-v512-unit-dense","64","512","unit","line","dense","0","1","47","47","47","64","0","0","0","0","64","2AF2A909"
"current64","candidate","line-64-v512-unit-equal","64","512","unit","line","equal","0","1","265","265","265","1","32193","0","0","0","1","4370B196"
"current64","baseline","line-64-v512-unit-equal","64","512","unit","line","equal","0","1","282","282","282","1","32193","0","0","0","1","4370B196"
"current64","baseline","line-64-v512-skewed-dense","64","512","skewed","line","dense","0","1","62","62","62","64","0","0","0","0","64","73E2E55A"
"current64","candidate","line-64-v512-skewed-dense","64","512","skewed","line","dense","0","1","78","78","78","64","0","0","0","0","64","73E2E55A"
"current64","candidate","line-64-v512-skewed-equal","64","512","skewed","line","equal","0","1","282","282","282","1","32193","0","0","0","1","72916B27"
"current64","baseline","line-64-v512-skewed-equal","64","512","skewed","line","equal","0","1","282","282","282","1","32193","0","0","0","1","72916B27"
"current64","baseline","line-16-v1024-unit-dense","16","1024","unit","line","dense","0","1","31","31","31","16","0","0","0","0","16","3B3E68EA"
"current64","candidate","line-16-v1024-unit-dense","16","1024","unit","line","dense","0","1","47","47","47","16","0","0","0","0","16","3B3E68EA"
"current64","candidate","line-16-v1024-unit-equal","16","1024","unit","line","equal","0","1","250","250","250","1","15345","0","0","0","1","761EB18A"
"current64","baseline","line-16-v1024-unit-equal","16","1024","unit","line","equal","0","1","266","266","266","1","15345","0","0","0","1","761EB18A"
"current64","baseline","line-16-v1024-skewed-dense","16","1024","skewed","line","dense","0","1","46","46","46","16","0","0","0","0","16","57086246"
"current64","candidate","line-16-v1024-skewed-dense","16","1024","skewed","line","dense","0","1","62","62","62","16","0","0","0","0","16","57086246"
"current64","candidate","line-16-v1024-skewed-equal","16","1024","skewed","line","equal","0","1","250","250","250","1","15345","0","0","0","1","58D6A1F6"
"current64","baseline","line-16-v1024-skewed-equal","16","1024","skewed","line","equal","0","1","266","266","266","1","15345","0","0","0","1","58D6A1F6"
